{
  "accuracy": 0.37149321266968327,
  "macro_f1": 0.30798281203701544,
  "weighted_f1": 0.3406375077584296,
  "classification_report": {
    "0": {
      "precision": 0.4,
      "recall": 0.08602150537634409,
      "f1-score": 0.1415929203539823,
      "support": 279.0
    },
    "1": {
      "precision": 0.41566265060240964,
      "recall": 0.5450236966824644,
      "f1-score": 0.47163362952836635,
      "support": 633.0
    },
    "2": {
      "precision": 0.2727272727272727,
      "recall": 0.16195372750642673,
      "f1-score": 0.2032258064516129,
      "support": 389.0
    },
    "3": {
      "precision": 0.32762312633832974,
      "recall": 0.6,
      "f1-score": 0.42382271468144045,
      "support": 510.0
    },
    "4": {
      "precision": 0.535483870967742,
      "recall": 0.20802005012531327,
      "f1-score": 0.2996389891696751,
      "support": 399.0
    },
    "accuracy": 0.37149321266968327,
    "macro avg": {
      "precision": 0.3902993841271508,
      "recall": 0.32020379593810977,
      "f1-score": 0.30798281203701544,
      "support": 2210.0
    },
    "weighted avg": {
      "precision": 0.3898421836519962,
      "recall": 0.37149321266968327,
      "f1-score": 0.3406375077584296,
      "support": 2210.0
    }
  },
  "confusion_matrix": [
    [
      24,
      179,
      21,
      46,
      9
    ],
    [
      22,
      345,
      87,
      168,
      11
    ],
    [
      8,
      147,
      63,
      158,
      13
    ],
    [
      4,
      116,
      45,
      306,
      39
    ],
    [
      2,
      43,
      15,
      256,
      83
    ]
  ],
  "checkpoint": "checkpoints/fasttext_best.pt",
  "split": "test"
}