{
  "accuracy": 0.4461538461538462,
  "macro_f1": 0.4394121913772426,
  "weighted_f1": 0.4437515366520387,
  "classification_report": {
    "0": {
      "precision": 0.37037037037037035,
      "recall": 0.5017921146953405,
      "f1-score": 0.426179604261796,
      "support": 279.0
    },
    "1": {
      "precision": 0.5075471698113208,
      "recall": 0.42496050552922593,
      "f1-score": 0.46259673258813416,
      "support": 633.0
    },
    "2": {
      "precision": 0.30678466076696165,
      "recall": 0.26735218508997427,
      "f1-score": 0.2857142857142857,
      "support": 389.0
    },
    "3": {
      "precision": 0.44660194174757284,
      "recall": 0.45098039215686275,
      "f1-score": 0.44878048780487806,
      "support": 510.0
    },
    "4": {
      "precision": 0.5424107142857143,
      "recall": 0.6090225563909775,
      "f1-score": 0.5737898465171193,
      "support": 399.0
    },
    "accuracy": 0.4461538461538462,
    "macro avg": {
      "precision": 0.434742971396388,
      "recall": 0.45082155077247615,
      "f1-score": 0.4394121913772426,
      "support": 2210.0
    },
    "weighted avg": {
      "precision": 0.44712162450385046,
      "recall": 0.4461538461538462,
      "f1-score": 0.4437515366520387,
      "support": 2210.0
    }
  },
  "confusion_matrix": [
    [
      140,
      97,
      28,
      9,
      5
    ],
    [
      151,
      269,
      120,
      68,
      25
    ],
    [
      50,
      100,
      104,
      97,
      38
    ],
    [
      26,
      50,
      67,
      230,
      137
    ],
    [
      11,
      14,
      20,
      111,
      243
    ]
  ],
  "checkpoint": "checkpoints/textcnn_glove_weighted_best.pt",
  "split": "test"
}