{
  "accuracy": 0.4669683257918552,
  "macro_f1": 0.40396030888997225,
  "weighted_f1": 0.43069871679258753,
  "classification_report": {
    "0": {
      "precision": 0.453416149068323,
      "recall": 0.2616487455197133,
      "f1-score": 0.33181818181818185,
      "support": 279.0
    },
    "1": {
      "precision": 0.4831081081081081,
      "recall": 0.6777251184834123,
      "f1-score": 0.5641025641025641,
      "support": 633.0
    },
    "2": {
      "precision": 0.34328358208955223,
      "recall": 0.05912596401028278,
      "f1-score": 0.10087719298245613,
      "support": 389.0
    },
    "3": {
      "precision": 0.4074074074074074,
      "recall": 0.6254901960784314,
      "f1-score": 0.4934261407579273,
      "support": 510.0
    },
    "4": {
      "precision": 0.6045016077170418,
      "recall": 0.47117794486215536,
      "f1-score": 0.5295774647887324,
      "support": 399.0
    },
    "accuracy": 0.4669683257918552,
    "macro avg": {
      "precision": 0.45834337087808646,
      "recall": 0.4190335937907991,
      "f1-score": 0.40396030888997225,
      "support": 2210.0
    },
    "weighted avg": {
      "precision": 0.45919537136298993,
      "recall": 0.4669683257918552,
      "f1-score": 0.43069871679258753,
      "support": 2210.0
    }
  },
  "confusion_matrix": [
    [
      73,
      174,
      4,
      23,
      5
    ],
    [
      64,
      429,
      25,
      99,
      16
    ],
    [
      13,
      180,
      23,
      155,
      18
    ],
    [
      8,
      86,
      13,
      319,
      84
    ],
    [
      3,
      19,
      2,
      187,
      188
    ]
  ],
  "checkpoint": "checkpoints/textcnn_glove_small_best.pt",
  "split": "test"
}