{
  "accuracy": 0.3556561085972851,
  "macro_f1": 0.28765081768770484,
  "weighted_f1": 0.31681754623898994,
  "classification_report": {
    "0": {
      "precision": 0.2907801418439716,
      "recall": 0.14695340501792115,
      "f1-score": 0.19523809523809524,
      "support": 279.0
    },
    "1": {
      "precision": 0.42,
      "recall": 0.46445497630331756,
      "f1-score": 0.44111027756939236,
      "support": 633.0
    },
    "2": {
      "precision": 0.2871287128712871,
      "recall": 0.07455012853470437,
      "f1-score": 0.11836734693877551,
      "support": 389.0
    },
    "3": {
      "precision": 0.31037489102005233,
      "recall": 0.6980392156862745,
      "f1-score": 0.4296922148461074,
      "support": 510.0
    },
    "4": {
      "precision": 0.5454545454545454,
      "recall": 0.16541353383458646,
      "f1-score": 0.25384615384615383,
      "support": 399.0
    },
    "accuracy": 0.3556561085972851,
    "macro avg": {
      "precision": 0.3707476582379713,
      "recall": 0.30988225187536084,
      "f1-score": 0.28765081768770484,
      "support": 2210.0
    },
    "weighted avg": {
      "precision": 0.3776508085692259,
      "recall": 0.3556561085972851,
      "f1-score": 0.31681754623898994,
      "support": 2210.0
    }
  },
  "confusion_matrix": [
    [
      41,
      151,
      12,
      71,
      4
    ],
    [
      51,
      294,
      39,
      241,
      8
    ],
    [
      20,
      137,
      29,
      196,
      7
    ],
    [
      21,
      85,
      12,
      356,
      36
    ],
    [
      8,
      33,
      9,
      283,
      66
    ]
  ],
  "checkpoint": "checkpoints/textcnn_best.pt",
  "split": "test"
}