{
  "accuracy": 0.45565610859728506,
  "macro_f1": 0.423760420998209,
  "weighted_f1": 0.444727825968131,
  "classification_report": {
    "0": {
      "precision": 0.5390625,
      "recall": 0.24731182795698925,
      "f1-score": 0.33906633906633904,
      "support": 279.0
    },
    "1": {
      "precision": 0.47914032869785084,
      "recall": 0.5987361769352291,
      "f1-score": 0.5323033707865169,
      "support": 633.0
    },
    "2": {
      "precision": 0.2852852852852853,
      "recall": 0.2442159383033419,
      "f1-score": 0.2631578947368421,
      "support": 389.0
    },
    "3": {
      "precision": 0.4262734584450402,
      "recall": 0.6235294117647059,
      "f1-score": 0.5063694267515924,
      "support": 510.0
    },
    "4": {
      "precision": 0.6886792452830188,
      "recall": 0.3659147869674185,
      "f1-score": 0.4779050736497545,
      "support": 399.0
    },
    "accuracy": 0.45565610859728506,
    "macro avg": {
      "precision": 0.48368816354223904,
      "recall": 0.41594162838553694,
      "f1-score": 0.423760420998209,
      "support": 2210.0
    },
    "weighted avg": {
      "precision": 0.47821390236045724,
      "recall": 0.45565610859728506,
      "f1-score": 0.444727825968131,
      "support": 2210.0
    }
  },
  "confusion_matrix": [
    [
      69,
      159,
      31,
      19,
      1
    ],
    [
      46,
      379,
      117,
      85,
      6
    ],
    [
      8,
      159,
      95,
      120,
      7
    ],
    [
      5,
      69,
      66,
      318,
      52
    ],
    [
      0,
      25,
      24,
      204,
      146
    ]
  ],
  "checkpoint": "checkpoints/textcnn_glove_acc_best.pt",
  "split": "test"
}